{
  "id": "conan2d20-french-localization",
  "title": "Conan 2D20 French Localization",
  "version": "0.1.11",
  "description": "Localisation française pour le jeu CONAN de Robert E. Howard. Voir la page du projet pour plus de détails.<br /> --- <br />French Localization for Robert E. Howard's Conan 2D20. See the Project Page for further details.",
  "compatibility": {
    "minimum": "10",
    "verified": "10.291"
  },
  "authors": [{
    "name": "Jerome Lavoie"
  },{
    "name": "Ian Wheelbuckets"
  },{
    "name": "vdimensionnel"
  }],
  "relationships": {
    "systems": [{
      "id": "conan2d20"
    }],
    "requires": [{
      "id": "babele"
    },{
      "id": "lib-wrapper"
    }]
  },
  "scripts": [],
  "styles": [],
  "packs": [],
  "languages": [{
    "lang": "fr",
    "name": "Français",
    "path": "lang/fr.json"
  }],
  "url": "https://github.com/Yann-Rousseaux/foundry-vtt-module-conan-2d20-fr",
  "bugs": "https://github.com/Yann-Rousseaux/foundry-vtt-module-conan-2d20-fr/issues",
  "allowBugReporter": false,
  "manifest": "https://raw.githubusercontent.com/Yann-Rousseaux/foundry-vtt-module-conan-2d20-fr/main/module.json?job=build",
  "download": "https://raw.githubusercontent.com/Yann-Rousseaux/foundry-vtt-module-conan-2d20-fr/main/foundry-vtt-module-conan-2d20-fr.zip?job=build"
}
